Afghanistan,Afghanistan,AF,AFG,93,AFG,AFN,AFGHANISTAN,2,Afghani,971,Yes,Kabul,AS,.af,"fa-AF,ps,uz-AF,tk",1149361
Albania,Albania,AL,ALB,355,ALB,ALL,ALBANIA,2,Lek,8,Yes,Tirana,EU,.al,"sq,el",783754
Algeria,Algeria,DZ,DZA,213,ALG,DZD,ALGERIA,2,Algerian Dinar,12,Yes,Algiers,AF,.dz,ar-DZ,2589581
American Samoa,American Samoa,AS,ASM,1-684,ASA,USD,AMERICAN SAMOA,2,US Dollar,840,Territory of US,Pago Pago,OC,.as,"en-AS,sm,to",5880801
Andorra,Andorra,AD,AND,376,AND,EUR,ANDORRA,2,Euro,978,Yes,Andorra la Vella,EU,.ad,ca,3041565
Angola,Angola,AO,AGO,244,ANG,AOA,ANGOLA,2,Kwanza,973,Yes,Luanda,AF,.ao,pt-AO,3351879
Anguilla,Anguilla,AI,AIA,1-264,AIA,XCD,ANGUILLA,2,East Caribbean Dollar,951,Territory of GB,The Valley,NA,.ai,en-AI,3573511
Antarctica,,AQ,ATA,672,ROS,,,,,,International,,AN,.aq,,6697173
Antigua & Barbuda,Antigua and Barbuda,AG,ATG,1-268,ATG,XCD,ANTIGUA AND BARBUDA,2,East Caribbean Dollar,951,Yes,St. John's,NA,.ag,en-AG,3576396
Argentina,Argentina,AR,ARG,54,ARG,ARS,ARGENTINA,2,Argentine Peso,32,Yes,Buenos Aires,SA,.ar,"es-AR,en,it,de,fr,gn",3865483
Armenia,Armenia,AM,ARM,374,ARM,AMD,ARMENIA,2,Armenian Dram,51,Yes,Yerevan,AS,.am,hy,174982
Aruba,Aruba,AW,ABW,297,ARU,AWG,ARUBA,2,Aruban Florin,533,Part of NL,Oranjestad,NA,.aw,"nl-AW,es,en",3577279
Australia,Australia,AU,AUS,61,AUS,AUD,AUSTRALIA,2,Australian Dollar,36,Yes,Canberra,OC,.au,en-AU,2077456
Austria,Austria,AT,AUT,43,AUT,EUR,AUSTRIA,2,Euro,978,Yes,Vienna,EU,.at,"de-AT,hr,hu,sl",2782113
Azerbaijan,Azerbaijan,AZ,AZE,994,AZE,AZN,AZERBAIJAN,2,Azerbaijanian Manat,944,Yes,Baku,AS,.az,"az,ru,hy",587116
Bahamas,Bahamas,BS,BHS,1-242,BAH,BSD,BAHAMAS,2,Bahamian Dollar,44,Yes,Nassau,NA,.bs,en-BS,3572887
Bahrain,Bahrain,BH,BHR,973,BHR,BHD,BAHRAIN,3,Bahraini Dinar,48,Yes,Manama,AS,.bh,"ar-BH,en,fa,ur",290291
Bangladesh,Bangladesh,BD,BGD,880,BAN,BDT,BANGLADESH,2,Taka,50,Yes,Dhaka,AS,.bd,"bn-BD,en",1210997
Barbados,Barbados,BB,BRB,1-246,BRB,BBD,BARBADOS,2,Barbados Dollar,52,Yes,Bridgetown,NA,.bb,en-BB,3374084
Belarus,Belarus,BY,BLR,375,BLR,BYR,BELARUS,0,Belarussian Ruble,974,Yes,Minsk,EU,.by,"be,ru",630336
Belgium,Belgium,BE,BEL,32,BEL,EUR,BELGIUM,2,Euro,978,Yes,Brussels,EU,.be,"nl-BE,fr-BE,de-BE",2802361
Belize,Belize,BZ,BLZ,501,BLZ,BZD,BELIZE,2,Belize Dollar,84,Yes,Belmopan,NA,.bz,"en-BZ,es",3582678
Benin,Benin,BJ,BEN,229,BEN,XOF,BENIN,0,CFA Franc BCEAO,952,Yes,Porto-Novo,AF,.bj,fr-BJ,2395170
Bermuda,Bermuda,BM,BMU,1-441,BER,BMD,BERMUDA,2,Bermudian Dollar,60,Territory of GB,Hamilton,NA,.bm,"en-BM,pt",3573345
Bhutan,Bhutan,BT,BTN,975,BHU,INR,BHUTAN,2,Indian Rupee,356,Yes,Thimphu,AS,.bt,dz,1252634
Bolivia,Bolivia (Plurinational State of),BO,BOL,591,BOL,BOB,"BOLIVIA, PLURINATIONAL STATE OF",2,Boliviano,68,Yes,Sucre,SA,.bo,"es-BO,qu,ay",3923057
Bosnia,Bosnia and Herzegovina,BA,BIH,387,BIH,BAM,BOSNIA AND HERZEGOVINA,2,Convertible Mark,977,Yes,Sarajevo,EU,.ba,"bs,hr-BA,sr-BA",3277605
Botswana,Botswana,BW,BWA,267,BOT,BWP,BOTSWANA,2,Pula,72,Yes,Gaborone,AF,.bw,"en-BW,tn-BW",933860
Bouvet Island,,BV,BVT,47,,,,,,,Territory of NO,,AN,.bv,,3371123
Brazil,Brazil,BR,BRA,55,BRA,BRL,BRAZIL,2,Brazilian Real,986,Yes,Brasilia,SA,.br,"pt-BR,es,en,fr",3469034
British Indian Ocean Territory,,IO,IOT,246,,,,,,,Territory of GB,Diego Garcia,AS,.io,en-IO,1282588
British Virgin Islands,British Virgin Islands,VG,VGB,1-284,VGB,USD,VIRGIN ISLANDS (BRITISH),2,US Dollar,840,Territory of GB,Road Town,NA,.vg,en-VG,3577718
Brunei,Brunei Darussalam,BN,BRN,673,BRU,BND,BRUNEI DARUSSALAM,2,Brunei Dollar,96,Yes,Bandar Seri Begawan,AS,.bn,"ms-BN,en-BN",1820814
Bulgaria,Bulgaria,BG,BGR,359,BUL,BGN,BULGARIA,2,Bulgarian Lev,975,Yes,Sofia,EU,.bg,"bg,tr-BG,rom",732800
Burkina Faso,Burkina Faso,BF,BFA,226,BFA,XOF,BURKINA FASO,0,CFA Franc BCEAO,952,Yes,Ouagadougou,AF,.bf,fr-BF,2361809
Burundi,Burundi,BI,BDI,257,BDI,BIF,BURUNDI,0,Burundi Franc,108,Yes,Bujumbura,AF,.bi,"fr-BI,rn",433561
Cambodia,Cambodia,KH,KHM,855,CAM,KHR,CAMBODIA,2,Riel,116,Yes,Phnom Penh,AS,.kh,"km,fr,en",1831722
Cameroon,Cameroon,CM,CMR,237,CMR,XAF,CAMEROON,0,CFA Franc BEAC,950,Yes,Yaounde,AF,.cm,"en-CM,fr-CM",2233387
Canada,Canada,CA,CAN,1,CAN,CAD,CANADA,2,Canadian Dollar,124,Yes,Ottawa,NA,.ca,"en-CA,fr-CA,iu",6251999
Cape Verde,Cabo Verde,CV,CPV,238,CPV,CVE,CABO VERDE,2,Cabo Verde Escudo,132,Yes,Praia,AF,.cv,pt-CV,3374766
Caribbean Netherlands,"Bonaire, Sint Eustatius and Saba",BQ,BES,599,ANT,USD,"BONAIRE, SINT EUSTATIUS AND SABA",2,US Dollar,840,Part of NL,,NA,.bq,"nl,pap,en",7626844
Cayman Islands,Cayman Islands,KY,CYM,1-345,CAY,KYD,CAYMAN ISLANDS,2,Cayman Islands Dollar,136,Territory of GB,George Town,NA,.ky,en-KY,3580718
Central African Republic,Central African Republic,CF,CAF,236,CTA,XAF,CENTRAL AFRICAN REPUBLIC,0,CFA Franc BEAC,950,Yes,Bangui,AF,.cf,"fr-CF,sg,ln,kg",239880
Chad,Chad,TD,TCD,235,CHA,XAF,CHAD,0,CFA Franc BEAC,950,Yes,N'Djamena,AF,.td,"fr-TD,ar-TD,sre",2434508
Chile,Chile,CL,CHL,56,CHI,CLP,CHILE,0,Chilean Peso,152,Yes,Santiago,SA,.cl,es-CL,3895114
China,China,CN,CHN,86,CHN,CNY,CHINA,2,Yuan Renminbi,156,Yes,Beijing,AS,.cn,"zh-CN,yue,wuu,dta,ug,za",1814991
Christmas Island,,CX,CXR,61,CXR,,,,,,Territory of AU,Flying Fish Cove,AS,.cx,"en,zh,ms-CC",2078138
Cocos (Keeling) Islands,,CC,CCK,61,CCK,,,,,,Territory of AU,West Island,AS,.cc,"ms-CC,en",1547376
Colombia,Colombia,CO,COL,57,COL,COP,COLOMBIA,2,Colombian Peso,170,Yes,Bogota,SA,.co,es-CO,3686110
Comoros,Comoros,KM,COM,269,COM,KMF,COMOROS,0,Comoro Franc,174,Yes,Moroni,AF,.km,"ar,fr-KM",921929
Congo - Brazzaville,Congo,CG,COG,242,CGO,XAF,CONGO,0,CFA Franc BEAC,950,Yes,Brazzaville,AF,.cg,"fr-CG,kg,ln-CG",2260494
Congo - Kinshasa,Democratic Republic of the Congo,CD,COD,243,COD,,,,,,Yes,Kinshasa,AF,.cd,"fr-CD,ln,kg",203312
Cook Islands,Cook Islands,CK,COK,682,COK,NZD,COOK ISLANDS,2,New Zealand Dollar,554,Associated with NZ,Avarua,OC,.ck,"en-CK,mi",1899402
Costa Rica,Costa Rica,CR,CRI,506,CRC,CRC,COSTA RICA,2,Costa Rican Colon,188,Yes,San Jose,NA,.cr,"es-CR,en",3624060
Croatia,Croatia,HR,HRV,385,CRO,HRK,CROATIA,2,Croatian Kuna,191,Yes,Zagreb,EU,.hr,"hr-HR,sr",3202326
Cuba,Cuba,CU,CUB,53,CUB,CUP,CUBA,2,Cuban Peso,192,Yes,Havana,NA,.cu,es-CU,3562981
Curaçao,Curaçao,CW,CUW,599,,ANG,CURAÇAO,2,Netherlands Antillean Guilder,532,Part of NL,Willemstad,NA,.cw,"nl,pap",7626836
Cyprus,Cyprus,CY,CYP,357,CYP,EUR,CYPRUS,2,Euro,978,Yes,Nicosia,EU,.cy,"el-CY,tr-CY,en",146669
Czech Republic,Czechia,CZ,CZE,420,CZE,,,,,,Yes,Prague,EU,.cz,"cs,sk",3077311
Côte d'Ivoire,Côte d'Ivoire,CI,CIV,225,CIV,XOF,CÔTE D'IVOIRE,0,CFA Franc BCEAO,952,Yes,Yamoussoukro,AF,.ci,fr-CI,2287781
Denmark,Denmark,DK,DNK,45,DEN,DKK,DENMARK,2,Danish Krone,208,Yes,Copenhagen,EU,.dk,"da-DK,en,fo,de-DK",2623032
Djibouti,Djibouti,DJ,DJI,253,DJI,DJF,DJIBOUTI,0,Djibouti Franc,262,Yes,Djibouti,AF,.dj,"fr-DJ,ar,so-DJ,aa",223816
Dominica,Dominica,DM,DMA,1-767,DMA,XCD,DOMINICA,2,East Caribbean Dollar,951,Yes,Roseau,NA,.dm,en-DM,3575830
Dominican Republic,Dominican Republic,DO,DOM,"1-809,1-829,1-849",DOM,DOP,DOMINICAN REPUBLIC,2,Dominican Peso,214,Yes,Santo Domingo,NA,.do,es-DO,3508796
Ecuador,Ecuador,EC,ECU,593,ECU,USD,ECUADOR,2,US Dollar,840,Yes,Quito,SA,.ec,es-EC,3658394
Egypt,Egypt,EG,EGY,20,EGY,EGP,EGYPT,2,Egyptian Pound,818,Yes,Cairo,AF,.eg,"ar-EG,en,fr",357994
El Salvador,El Salvador,SV,SLV,503,SLV,USD,EL SALVADOR,2,US Dollar,840,Yes,San Salvador,NA,.sv,es-SV,3585968
Equatorial Guinea,Equatorial Guinea,GQ,GNQ,240,EQG,XAF,EQUATORIAL GUINEA,0,CFA Franc BEAC,950,Yes,Malabo,AF,.gq,"es-GQ,fr",2309096
Eritrea,Eritrea,ER,ERI,291,ERI,ERN,ERITREA,2,Nakfa,232,Yes,Asmara,AF,.er,"aa-ER,ar,tig,kun,ti-ER",338010
Estonia,Estonia,EE,EST,372,EST,EUR,ESTONIA,2,Euro,978,Yes,Tallinn,EU,.ee,"et,ru",453733
Ethiopia,Ethiopia,ET,ETH,251,ETH,ETB,ETHIOPIA,2,Ethiopian Birr,230,Yes,Addis Ababa,AF,.et,"am,en-ET,om-ET,ti-ET,so-ET,sid",337996
Falkland Islands,Falkland Islands (Malvinas),FK,FLK,500,FLK,FKP,FALKLAND ISLANDS (MALVINAS),2,Falkland Islands Pound,238,Territory of GB,Stanley,SA,.fk,en-FK,3474414
Faroe Islands,Faeroe Islands,FO,FRO,298,FRO,,,,,,Part of DK,Torshavn,EU,.fo,"fo,da-FO",2622320
Fiji,Fiji,FJ,FJI,679,FIJ,FJD,FIJI,2,Fiji Dollar,242,Yes,Suva,OC,.fj,"en-FJ,fj",2205218
Finland,Finland,FI,FIN,358,FIN,EUR,FINLAND,2,Euro,978,Yes,Helsinki,EU,.fi,"fi-FI,sv-FI,smn",660013
France,France,FR,FRA,33,FRA,EUR,FRANCE,2,Euro,978,Yes,Paris,EU,.fr,"fr-FR,frp,br,co,ca,eu,oc",3017382
French Guiana,French Guiana,GF,GUF,594,GUF,EUR,FRENCH GUIANA,2,Euro,978,Part of FR,Cayenne,SA,.gf,fr-GF,3381670
French Polynesia,French Polynesia,PF,PYF,689,TAH,XPF,FRENCH POLYNESIA,0,CFP Franc,953,Territory of FR,Papeete,OC,.pf,"fr-PF,ty",4030656
French Southern Territories,,TF,ATF,262,,,,,,,Territory of FR,Port-aux-Francais,AN,.tf,fr,1546748
Gabon,Gabon,GA,GAB,241,GAB,XAF,GABON,0,CFA Franc BEAC,950,Yes,Libreville,AF,.ga,fr-GA,2400553
Gambia,Gambia,GM,GMB,220,GAM,GMD,GAMBIA,2,Dalasi,270,Yes,Banjul,AF,.gm,"en-GM,mnk,wof,wo,ff",2413451
Georgia,Georgia,GE,GEO,995,GEO,GEL,GEORGIA,2,Lari,981,Yes,Tbilisi,AS,.ge,"ka,ru,hy,az",614540
Germany,Germany,DE,DEU,49,GER,EUR,GERMANY,2,Euro,978,Yes,Berlin,EU,.de,de,2921044
Ghana,Ghana,GH,GHA,233,GHA,GHS,GHANA,2,Ghana Cedi,936,Yes,Accra,AF,.gh,"en-GH,ak,ee,tw",2300660
Gibraltar,Gibraltar,GI,GIB,350,GBZ,GIP,GIBRALTAR,2,Gibraltar Pound,292,Territory of GB,Gibraltar,EU,.gi,"en-GI,es,it,pt",2411586
Greece,Greece,GR,GRC,30,GRE,EUR,GREECE,2,Euro,978,Yes,Athens,EU,.gr,"el-GR,en,fr",390903
Greenland,Greenland,GL,GRL,299,GRL,DKK,GREENLAND,2,Danish Krone,208,Part of DK,Nuuk,NA,.gl,"kl,da-GL,en",3425505
Grenada,Grenada,GD,GRD,1-473,GRN,XCD,GRENADA,2,East Caribbean Dollar,951,Yes,St. George's,NA,.gd,en-GD,3580239
Guadeloupe,Guadeloupe,GP,GLP,590,GLP,EUR,GUADELOUPE,2,Euro,978,Part of FR,Basse-Terre,NA,.gp,fr-GP,3579143
Guam,Guam,GU,GUM,1-671,GUM,USD,GUAM,2,US Dollar,840,Territory of US,Hagatna,OC,.gu,"en-GU,ch-GU",4043988
Guatemala,Guatemala,GT,GTM,502,GUA,GTQ,GUATEMALA,2,Quetzal,320,Yes,Guatemala City,NA,.gt,es-GT,3595528
Guernsey,Guernsey,GG,GGY,44,GBG,GBP,GUERNSEY,2,Pound Sterling,826,Crown dependency of GB,St Peter Port,EU,.gg,"en,fr",3042362
Guinea,Guinea,GN,GIN,224,GUI,GNF,GUINEA,0,Guinea Franc,324,Yes,Conakry,AF,.gn,fr-GN,2420477
Guinea-Bissau,Guinea-Bissau,GW,GNB,245,GNB,XOF,GUINEA-BISSAU,0,CFA Franc BCEAO,952,Yes,Bissau,AF,.gw,"pt-GW,pov",2372248
Guyana,Guyana,GY,GUY,592,GUY,GYD,GUYANA,2,Guyana Dollar,328,Yes,Georgetown,SA,.gy,en-GY,3378535
Haiti,Haiti,HT,HTI,509,HAI,USD,HAITI,2,US Dollar,840,Yes,Port-au-Prince,NA,.ht,"ht,fr-HT",3723988
Heard & McDonald Islands,,HM,HMD,672,,,,,,,Territory of AU,,AN,.hm,,1547314
Honduras,Honduras,HN,HND,504,HON,HNL,HONDURAS,2,Lempira,340,Yes,Tegucigalpa,NA,.hn,es-HN,3608932
Hong Kong,"China, Hong Kong Special Administrative Region",HK,HKG,852,HKG,,,,,,Part of CN,Hong Kong,AS,.hk,"zh-HK,yue,zh,en",1819730
Hungary,Hungary,HU,HUN,36,HUN,HUF,HUNGARY,2,Forint,348,Yes,Budapest,EU,.hu,hu-HU,719819
Iceland,Iceland,IS,ISL,354,ISL,ISK,ICELAND,0,Iceland Krona,352,Yes,Reykjavik,EU,.is,"is,en,de,da,sv,no",2629691
India,India,IN,IND,91,IND,INR,INDIA,2,Indian Rupee,356,Yes,New Delhi,AS,.in,"en-IN,hi,bn,te,mr,ta,ur,gu,kn,ml,or,pa,as,bh,sat,ks,ne,sd,kok,doi,mni,sit,sa,fr,lus,inc",1269750
Indonesia,Indonesia,ID,IDN,62,IDN,IDR,INDONESIA,2,Rupiah,360,Yes,Jakarta,AS,.id,"id,en,nl,jv",1643084
Iran,Iran (Islamic Republic of),IR,IRN,98,IRN,IRR,"IRAN, ISLAMIC REPUBLIC OF",2,Iranian Rial,364,Yes,Tehran,AS,.ir,"fa-IR,ku",130758
Iraq,Iraq,IQ,IRQ,964,IRQ,IQD,IRAQ,3,Iraqi Dinar,368,Yes,Baghdad,AS,.iq,"ar-IQ,ku,hy",99237
Ireland,Ireland,IE,IRL,353,IRL,EUR,IRELAND,2,Euro,978,Yes,Dublin,EU,.ie,"en-IE,ga-IE",2963597
Isle of Man,Isle of Man,IM,IMN,44,GBM,GBP,ISLE OF MAN,2,Pound Sterling,826,Crown dependency of GB,Douglas,EU,.im,"en,gv",3042225
Israel,Israel,IL,ISR,972,ISR,ILS,ISRAEL,2,New Israeli Sheqel,376,Yes,Jerusalem,AS,.il,"he,ar-IL,en-IL,",294640
Italy,Italy,IT,ITA,39,ITA,EUR,ITALY,2,Euro,978,Yes,Rome,EU,.it,"it-IT,de-IT,fr-IT,sc,ca,co,sl",3175395
Jamaica,Jamaica,JM,JAM,1-876,JAM,JMD,JAMAICA,2,Jamaican Dollar,388,Yes,Kingston,NA,.jm,en-JM,3489940
Japan,Japan,JP,JPN,81,JPN,JPY,JAPAN,0,Yen,392,Yes,Tokyo,AS,.jp,ja,1861060
Jersey,Jersey,JE,JEY,44,GBJ,GBP,JERSEY,2,Pound Sterling,826,Crown dependency of GB,Saint Helier,EU,.je,"en,pt",3042142
Jordan,Jordan,JO,JOR,962,JOR,JOD,JORDAN,3,Jordanian Dinar,400,Yes,Amman,AS,.jo,"ar-JO,en",248816
Kazakhstan,Kazakhstan,KZ,KAZ,7,KAZ,KZT,KAZAKHSTAN,2,Tenge,398,Yes,Astana,AS,.kz,"kk,ru",1522867
Kenya,Kenya,KE,KEN,254,KEN,KES,KENYA,2,Kenyan Shilling,404,Yes,Nairobi,AF,.ke,"en-KE,sw-KE",192950
Kiribati,Kiribati,KI,KIR,686,KIR,AUD,KIRIBATI,2,Australian Dollar,36,Yes,Tarawa,OC,.ki,"en-KI,gil",4030945
Kuwait,Kuwait,KW,KWT,965,KUW,KWD,KUWAIT,3,Kuwaiti Dinar,414,Yes,Kuwait City,AS,.kw,"ar-KW,en",285570
Kyrgyzstan,Kyrgyzstan,KG,KGZ,996,KGZ,KGS,KYRGYZSTAN,2,Som,417,Yes,Bishkek,AS,.kg,"ky,uz,ru",1527747
Laos,Lao People's Democratic Republic,LA,LAO,856,LAO,LAK,LAO PEOPLE’S DEMOCRATIC REPUBLIC,2,Kip,418,Yes,Vientiane,AS,.la,"lo,fr,en",1655842
Latvia,Latvia,LV,LVA,371,LVA,EUR,LATVIA,2,Euro,978,Yes,Riga,EU,.lv,"lv,ru,lt",458258
Lebanon,Lebanon,LB,LBN,961,LIB,LBP,LEBANON,2,Lebanese Pound,422,Yes,Beirut,AS,.lb,"ar-LB,fr-LB,en,hy",272103
Lesotho,Lesotho,LS,LSO,266,LES,ZAR,LESOTHO,2,Rand,710,Yes,Maseru,AF,.ls,"en-LS,st,zu,xh",932692
Liberia,Liberia,LR,LBR,231,LBR,LRD,LIBERIA,2,Liberian Dollar,430,Yes,Monrovia,AF,.lr,en-LR,2275384
Libya,Libya,LY,LBY,218,LBY,LYD,LIBYA,3,Libyan Dinar,434,Yes,Tripoli,AF,.ly,"ar-LY,it,en",2215636
Liechtenstein,Liechtenstein,LI,LIE,423,LIE,CHF,LIECHTENSTEIN,2,Swiss Franc,756,Yes,Vaduz,EU,.li,de-LI,3042058
Lithuania,Lithuania,LT,LTU,370,LTU,EUR,LITHUANIA,2,Euro,978,Yes,Vilnius,EU,.lt,"lt,ru,pl",597427
Luxembourg,Luxembourg,LU,LUX,352,LUX,EUR,LUXEMBOURG,2,Euro,978,Yes,Luxembourg,EU,.lu,"lb,de-LU,fr-LU",2960313
Macau,"China, Macao Special Administrative Region",MO,MAC,853,MAC,MOP,MACAO,2,Pataca,446,Part of CN,Macao,AS,.mo,"zh,zh-MO,pt",1821275
Macedonia,The former Yugoslav Republic of Macedonia,MK,MKD,389,MKD,MKD,"MACEDONIA, THE FORMER YUGOSLAV REPUBLIC OF",2,Denar,807,Yes,Skopje,EU,.mk,"mk,sq,tr,rmm,sr",718075
Madagascar,Madagascar,MG,MDG,261,MAD,MGA,MADAGASCAR,2,Malagasy Ariary,969,Yes,Antananarivo,AF,.mg,"fr-MG,mg",1062947
Malawi,Malawi,MW,MWI,265,MWI,MWK,MALAWI,2,Kwacha,454,Yes,Lilongwe,AF,.mw,"ny,yao,tum,swk",927384
Malaysia,Malaysia,MY,MYS,60,MAS,MYR,MALAYSIA,2,Malaysian Ringgit,458,Yes,Kuala Lumpur,AS,.my,"ms-MY,en,zh,ta,te,ml,pa,th",1733045
Maldives,Maldives,MV,MDV,960,MDV,MVR,MALDIVES,2,Rufiyaa,462,Yes,Male,AS,.mv,"dv,en",1282028
Mali,Mali,ML,MLI,223,MLI,XOF,MALI,0,CFA Franc BCEAO,952,Yes,Bamako,AF,.ml,"fr-ML,bm",2453866
Malta,Malta,MT,MLT,356,MLT,EUR,MALTA,2,Euro,978,Yes,Valletta,EU,.mt,"mt,en-MT",2562770
Marshall Islands,Marshall Islands,MH,MHL,692,MHL,USD,MARSHALL ISLANDS,2,US Dollar,840,Yes,Majuro,OC,.mh,"mh,en-MH",2080185
Martinique,Martinique,MQ,MTQ,596,MTQ,EUR,MARTINIQUE,2,Euro,978,Part of FR,Fort-de-France,NA,.mq,fr-MQ,3570311
Mauritania,Mauritania,MR,MRT,222,MTN,MRO,MAURITANIA,2,Ouguiya,478,Yes,Nouakchott,AF,.mr,"ar-MR,fuc,snk,fr,mey,wo",2378080
Mauritius,Mauritius,MU,MUS,230,MRI,MUR,MAURITIUS,2,Mauritius Rupee,480,Yes,Port Louis,AF,.mu,"en-MU,bho,fr",934292
Mayotte,Mayotte,YT,MYT,262,MYT,EUR,MAYOTTE,2,Euro,978,Part of FR,Mamoudzou,AF,.yt,fr-YT,1024031
Mexico,Mexico,MX,MEX,52,MEX,MXN,MEXICO,2,Mexican Peso,484,Yes,Mexico City,NA,.mx,es-MX,3996063
Micronesia,Micronesia (Federated States of),FM,FSM,691,FSM,USD,"MICRONESIA, FEDERATED STATES OF",2,US Dollar,840,Yes,Palikir,OC,.fm,"en-FM,chk,pon,yap,kos,uli,woe,nkr,kpg",2081918
Moldova,Republic of Moldova,MD,MDA,373,MDA,MDL,"MOLDOVA, REPUBLIC OF",2,Moldovan Leu,498,Yes,Chisinau,EU,.md,"ro,ru,gag,tr",617790
Monaco,Monaco,MC,MCO,377,MON,EUR,MONACO,2,Euro,978,Yes,Monaco,EU,.mc,"fr-MC,en,it",2993457
Mongolia,Mongolia,MN,MNG,976,MNG,MNT,MONGOLIA,2,Tugrik,496,Yes,Ulan Bator,AS,.mn,"mn,ru",2029969
Montenegro,Montenegro,ME,MNE,382,MNE,EUR,MONTENEGRO,2,Euro,978,Yes,Podgorica,EU,.me,"sr,hu,bs,sq,hr,rom",3194884
Montserrat,Montserrat,MS,MSR,1-664,MSR,XCD,MONTSERRAT,2,East Caribbean Dollar,951,Territory of GB,Plymouth,NA,.ms,en-MS,3578097
Morocco,Morocco,MA,MAR,212,MAR,MAD,MOROCCO,2,Moroccan Dirham,504,Yes,Rabat,AF,.ma,"ar-MA,ber,fr",2542007
Mozambique,Mozambique,MZ,MOZ,258,MOZ,MZN,MOZAMBIQUE,2,Mozambique Metical,943,Yes,Maputo,AF,.mz,"pt-MZ,vmw",1036973
Myanmar,Myanmar,MM,MMR,95,MYA,MMK,MYANMAR,2,Kyat,104,Yes,Nay Pyi Taw,AS,.mm,my,1327865
Namibia,Namibia,NA,NAM,264,NAM,ZAR,NAMIBIA,2,Rand,710,Yes,Windhoek,AF,.na,"en-NA,af,de,hz,naq",3355338
Nauru,Nauru,NR,NRU,674,NRU,AUD,NAURU,2,Australian Dollar,36,Yes,Yaren,OC,.nr,"na,en-NR",2110425
Nepal,Nepal,NP,NPL,977,NEP,NPR,NEPAL,2,Nepalese Rupee,524,Yes,Kathmandu,AS,.np,"ne,en",1282988
Netherlands,Netherlands,NL,NLD,31,NED,EUR,NETHERLANDS,2,Euro,978,Yes,Amsterdam,EU,.nl,"nl-NL,fy-NL",2750405
New Caledonia,New Caledonia,NC,NCL,687,NCL,XPF,NEW CALEDONIA,0,CFP Franc,953,Territory of FR,Noumea,OC,.nc,fr-NC,2139685
New Zealand,New Zealand,NZ,NZL,64,NZL,NZD,NEW ZEALAND,2,New Zealand Dollar,554,Yes,Wellington,OC,.nz,"en-NZ,mi",2186224
Nicaragua,Nicaragua,NI,NIC,505,NCA,NIO,NICARAGUA,2,Cordoba Oro,558,Yes,Managua,NA,.ni,"es-NI,en",3617476
Niger,Niger,NE,NER,227,NIG,XOF,NIGER,0,CFA Franc BCEAO,952,Yes,Niamey,AF,.ne,"fr-NE,ha,kr,dje",2440476
Nigeria,Nigeria,NG,NGA,234,NGA,NGN,NIGERIA,2,Naira,566,Yes,Abuja,AF,.ng,"en-NG,ha,yo,ig,ff",2328926
Niue,Niue,NU,NIU,683,NIU,NZD,NIUE,2,New Zealand Dollar,554,Associated with NZ,Alofi,OC,.nu,"niu,en-NU",4036232
Norfolk Island,Norfolk Island,NF,NFK,672,NFK,AUD,NORFOLK ISLAND,2,Australian Dollar,36,Territory of AU,Kingston,OC,.nf,en-NF,2155115
North Korea,Democratic People's Republic of Korea,KP,PRK,850,PRK,KPW,"KOREA, DEMOCRATIC PEOPLE’S REPUBLIC OF",2,North Korean Won,408,Yes,Pyongyang,AS,.kp,ko-KP,1873107
Northern Mariana Islands,Northern Mariana Islands,MP,MNP,1-670,NMI,USD,NORTHERN MARIANA ISLANDS,2,US Dollar,840,Commonwealth of US,Saipan,OC,.mp,"fil,tl,zh,ch-MP,en-MP",4041468
Norway,Norway,NO,NOR,47,NOR,NOK,NORWAY,2,Norwegian Krone,578,Yes,Oslo,EU,.no,"no,nb,nn,se,fi",3144096
Oman,Oman,OM,OMN,968,OMA,OMR,OMAN,3,Rial Omani,512,Yes,Muscat,AS,.om,"ar-OM,en,bal,ur",286963
Pakistan,Pakistan,PK,PAK,92,PAK,PKR,PAKISTAN,2,Pakistan Rupee,586,Yes,Islamabad,AS,.pk,"ur-PK,en-PK,pa,sd,ps,brh",1168579
Palau,Palau,PW,PLW,680,PLW,USD,PALAU,2,US Dollar,840,Yes,Melekeok,OC,.pw,"pau,sov,en-PW,tox,ja,fil,zh",1559582
Palestine,State of Palestine,PS,PSE,970,PLE,,"PALESTINE, STATE OF",,No universal currency,,In contention,East Jerusalem,AS,.ps,ar-PS,6254930
Panama,Panama,PA,PAN,507,PAN,USD,PANAMA,2,US Dollar,840,Yes,Panama City,NA,.pa,"es-PA,en",3703430
Papua New Guinea,Papua New Guinea,PG,PNG,675,PNG,PGK,PAPUA NEW GUINEA,2,Kina,598,Yes,Port Moresby,OC,.pg,"en-PG,ho,meu,tpi",2088628
Paraguay,Paraguay,PY,PRY,595,PAR,PYG,PARAGUAY,0,Guarani,600,Yes,Asuncion,SA,.py,"es-PY,gn",3437598
Peru,Peru,PE,PER,51,PER,PEN,PERU,2,Nuevo Sol,604,Yes,Lima,SA,.pe,"es-PE,qu,ay",3932488
Philippines,Philippines,PH,PHL,63,PHI,PHP,PHILIPPINES,2,Philippine Peso,608,Yes,Manila,AS,.ph,"tl,en-PH,fil",1694008
Pitcairn Islands,Pitcairn,PN,PCN,870,PCN,NZD,PITCAIRN,2,New Zealand Dollar,554,Territory of GB,Adamstown,OC,.pn,en-PN,4030699
Poland,Poland,PL,POL,48,POL,PLN,POLAND,2,Zloty,985,Yes,Warsaw,EU,.pl,pl,798544
Portugal,Portugal,PT,PRT,351,POR,EUR,PORTUGAL,2,Euro,978,Yes,Lisbon,EU,.pt,"pt-PT,mwl",2264397
Puerto Rico,Puerto Rico,PR,PRI,1,PUR,USD,PUERTO RICO,2,US Dollar,840,Commonwealth of US,San Juan,NA,.pr,"en-PR,es-PR",4566966
Qatar,Qatar,QA,QAT,974,QAT,QAR,QATAR,2,Qatari Rial,634,Yes,Doha,AS,.qa,"ar-QA,es",289688
Romania,Romania,RO,ROU,40,ROU,RON,ROMANIA,2,New Romanian Leu,946,Yes,Bucharest,EU,.ro,"ro,hu,rom",798549
Russia,Russian Federation,RU,RUS,7,RUS,RUB,RUSSIAN FEDERATION,2,Russian Ruble,643,Yes,Moscow,EU,.ru,"ru,tt,xal,cau,ady,kv,ce,tyv,cv,udm,tut,mns,bua,myv,mdf,chm,ba,inh,tut,kbd,krc,ava,sah,nog",2017370
Rwanda,Rwanda,RW,RWA,250,RWA,RWF,RWANDA,0,Rwanda Franc,646,Yes,Kigali,AF,.rw,"rw,en-RW,fr-RW,sw",49518
Réunion,Réunion,RE,REU,262,REU,EUR,RÉUNION,2,Euro,978,Part of FR,Saint-Denis,AF,.re,fr-RE,935317
Samoa,Samoa,WS,WSM,685,SAM,WST,SAMOA,2,Tala,882,Yes,Apia,OC,.ws,"sm,en-WS",4034894
San Marino,San Marino,SM,SMR,378,SMR,EUR,SAN MARINO,2,Euro,978,Yes,San Marino,EU,.sm,it-SM,3168068
Saudi Arabia,Saudi Arabia,SA,SAU,966,KSA,SAR,SAUDI ARABIA,2,Saudi Riyal,682,Yes,Riyadh,AS,.sa,ar-SA,102358
Senegal,Senegal,SN,SEN,221,SEN,XOF,SENEGAL,0,CFA Franc BCEAO,952,Yes,Dakar,AF,.sn,"fr-SN,wo,fuc,mnk",2245662
Serbia,Serbia,RS,SRB,381 p,SRB,RSD,SERBIA,2,Serbian Dinar,941,Yes,Belgrade,EU,.rs,"sr,hu,bs,rom",6290252
Seychelles,Seychelles,SC,SYC,248,SEY,SCR,SEYCHELLES,2,Seychelles Rupee,690,Yes,Victoria,AF,.sc,"en-SC,fr-SC",241170
Sierra Leone,Sierra Leone,SL,SLE,232,SLE,SLL,SIERRA LEONE,2,Leone,694,Yes,Freetown,AF,.sl,"en-SL,men,tem",2403846
Singapore,Singapore,SG,SGP,65,SIN,SGD,SINGAPORE,2,Singapore Dollar,702,Yes,Singapore,AS,.sg,"cmn,en-SG,ms-SG,ta-SG,zh-SG",1880251
Sint Maarten,Sint Maarten (Dutch part),SX,SXM,1-721,,ANG,SINT MAARTEN (DUTCH PART),2,Netherlands Antillean Guilder,532,Part of NL,Philipsburg,NA,.sx,"nl,en",7609695
Slovakia,Slovakia,SK,SVK,421,SVK,EUR,SLOVAKIA,2,Euro,978,Yes,Bratislava,EU,.sk,"sk,hu",3057568
Slovenia,Slovenia,SI,SVN,386,SVN,EUR,SLOVENIA,2,Euro,978,Yes,Ljubljana,EU,.si,"sl,sh",3190538
Solomon Islands,Solomon Islands,SB,SLB,677,SOL,SBD,SOLOMON ISLANDS,2,Solomon Islands Dollar,90,Yes,Honiara,OC,.sb,"en-SB,tpi",2103350
Somalia,Somalia,SO,SOM,252,SOM,SOS,SOMALIA,2,Somali Shilling,706,Yes,Mogadishu,AF,.so,"so-SO,ar-SO,it,en-SO",51537
South Africa,South Africa,ZA,ZAF,27,RSA,ZAR,SOUTH AFRICA,2,Rand,710,Yes,Pretoria,AF,.za,"zu,xh,af,nso,en-ZA,tn,st,ts,ss,ve,nr",953987
South Georgia & South Sandwich Islands,,GS,SGS,500,,,,,,,Territory of GB,Grytviken,AN,.gs,en,3474415
South Korea,Republic of Korea,KR,KOR,82,KOR,KRW,"KOREA, REPUBLIC OF",0,Won,410,Yes,Seoul,AS,.kr,"ko-KR,en",1835841
South Sudan,South Sudan,SS,SSD,211,,SSP,SOUTH SUDAN,2,South Sudanese Pound,728,Yes,Juba,AF,,en,7909807
Spain,Spain,ES,ESP,34,ESP,EUR,SPAIN,2,Euro,978,Yes,Madrid,EU,.es,"es-ES,ca,gl,eu,oc",2510769
Sri Lanka,Sri Lanka,LK,LKA,94,SRI,LKR,SRI LANKA,2,Sri Lanka Rupee,144,Yes,Colombo,AS,.lk,"si,ta,en",1227603
Saint Barthélemy,Saint Barthélemy,BL,BLM,590,,EUR,SAINT BARTHÃ‰LEMY,2,Euro,978,Part of FR,Gustavia,NA,.gp,fr,3578476
St. Helena,Saint Helena,SH,SHN,290 n,SHN,SHP,"SAINT HELENA, ASCENSION AND TRISTAN DA CUNHA",2,Saint Helena Pound,654,Territory of GB,Jamestown,AF,.sh,en-SH,3370751
St. Kitts & Nevis,Saint Kitts and Nevis,KN,KNA,1-869,SKN,XCD,SAINT KITTS AND NEVIS,2,East Caribbean Dollar,951,Yes,Basseterre,NA,.kn,en-KN,3575174
St. Lucia,Saint Lucia,LC,LCA,1-758,LCA,XCD,SAINT LUCIA,2,East Caribbean Dollar,951,Yes,Castries,NA,.lc,en-LC,3576468
St. Martin,Saint Martin (French part),MF,MAF,590,,EUR,SAINT MARTIN (FRENCH PART),2,Euro,978,Part of FR,Marigot,NA,.gp,fr,3578421
St. Pierre & Miquelon,Saint Pierre and Miquelon,PM,SPM,508,SPM,EUR,SAINT PIERRE AND MIQUELON,2,Euro,978,Part of FR,Saint-Pierre,NA,.pm,fr-PM,3424932
St. Vincent & Grenadines,Saint Vincent and the Grenadines,VC,VCT,1-784,VIN,XCD,SAINT VINCENT AND THE GRENADINES,2,East Caribbean Dollar,951,Yes,Kingstown,NA,.vc,"en-VC,fr",3577815
Sudan,Sudan,SD,SDN,249,SUD,SDG,SUDAN,2,Sudanese Pound,938,Yes,Khartoum,AF,.sd,"ar-SD,en,fia",366755
Suriname,Suriname,SR,SUR,597,SUR,SRD,SURINAME,2,Surinam Dollar,968,Yes,Paramaribo,SA,.sr,"nl-SR,en,srn,hns,jv",3382998
Svalbard & Jan Mayen,Svalbard and Jan Mayen Islands,SJ,SJM,47,,NOK,SVALBARD AND JAN MAYEN,2,Norwegian Krone,578,Territory of NO,Longyearbyen,EU,.sj,"no,ru",607072
Swaziland,Swaziland,SZ,SWZ,268,SWZ,SZL,SWAZILAND,2,Lilangeni,748,Yes,Mbabane,AF,.sz,"en-SZ,ss-SZ",934841
Sweden,Sweden,SE,SWE,46,SWE,SEK,SWEDEN,2,Swedish Krona,752,Yes,Stockholm,EU,.se,"sv-SE,se,sma,fi-SE",2661886
Switzerland,Switzerland,CH,CHE,41,SUI,CHF,SWITZERLAND,2,Swiss Franc,756,Yes,Bern,EU,.ch,"de-CH,fr-CH,it-CH,rm",2658434
Syria,Syrian Arab Republic,SY,SYR,963,SYR,SYP,SYRIAN ARAB REPUBLIC,2,Syrian Pound,760,Yes,Damascus,AS,.sy,"ar-SY,ku,hy,arc,fr,en",163843
Sao Tome and Principe,Sao Tome and Principe,ST,STP,239,STP,STD,SAO TOME AND PRINCIPE,2,Dobra,678,Yes,Sao Tome,AF,.st,pt-ST,2410758
Taiwan,,TW,TWN,886,TPE,,,,,,Yes,Taipei,AS,.tw,"zh-TW,zh,nan,hak",1668284
Tajikistan,Tajikistan,TJ,TJK,992,TJK,TJS,TAJIKISTAN,2,Somoni,972,Yes,Dushanbe,AS,.tj,"tg,ru",1220409
Tanzania,United Republic of Tanzania,TZ,TZA,255,TAN,TZS,"TANZANIA, UNITED REPUBLIC OF",2,Tanzanian Shilling,834,Yes,Dodoma,AF,.tz,"sw-TZ,en,ar",149590
Thailand,Thailand,TH,THA,66,THA,THB,THAILAND,2,Baht,764,Yes,Bangkok,AS,.th,"th,en",1605651
Timor-Leste,Timor-Leste,TL,TLS,670,TLS,USD,TIMOR-LESTE,2,US Dollar,840,Yes,Dili,OC,.tl,"tet,pt-TL,id,en",1966436
Togo,Togo,TG,TGO,228,TOG,XOF,TOGO,0,CFA Franc BCEAO,952,Yes,Lome,AF,.tg,"fr-TG,ee,hna,kbp,dag,ha",2363686
Tokelau,Tokelau,TK,TKL,690,TKL,NZD,TOKELAU,2,New Zealand Dollar,554,Territory of NZ,,OC,.tk,"tkl,en-TK",4031074
Tonga,Tonga,TO,TON,676,TGA,TOP,TONGA,2,Pa’anga,776,Yes,Nuku'alofa,OC,.to,"to,en-TO",4032283
Trinidad & Tobago,Trinidad and Tobago,TT,TTO,1-868,TRI,TTD,TRINIDAD AND TOBAGO,2,Trinidad and Tobago Dollar,780,Yes,Port of Spain,NA,.tt,"en-TT,hns,fr,es,zh",3573591
Tunisia,Tunisia,TN,TUN,216,TUN,TND,TUNISIA,3,Tunisian Dinar,788,Yes,Tunis,AF,.tn,"ar-TN,fr",2464461
Turkey,Turkey,TR,TUR,90,TUR,TRY,TURKEY,2,Turkish Lira,949,Yes,Ankara,AS,.tr,"tr-TR,ku,diq,az,av",298795
Turkmenistan,Turkmenistan,TM,TKM,993,TKM,TMT,TURKMENISTAN,2,Turkmenistan New Manat,934,Yes,Ashgabat,AS,.tm,"tk,ru,uz",1218197
Turks & Caicos Islands,Turks and Caicos Islands,TC,TCA,1-649,TCA,USD,TURKS AND CAICOS ISLANDS,2,US Dollar,840,Territory of GB,Cockburn Town,NA,.tc,en-TC,3576916
Tuvalu,Tuvalu,TV,TUV,688,TUV,AUD,TUVALU,2,Australian Dollar,36,Yes,Funafuti,OC,.tv,"tvl,en,sm,gil",2110297
U.S. Outlying Islands,,UM,UMI,,,,,,,,Territories of US,,OC,.um,en-UM,5854968
U.S. Virgin Islands,United States Virgin Islands,VI,VIR,1-340,VIR,USD,VIRGIN ISLANDS (U.S.),2,US Dollar,840,Territory of US,Charlotte Amalie,NA,.vi,en-VI,4796775
UK,United Kingdom of Great Britain and Northern Ireland,GB,GBR,44,"ENG,NIR,SCO,WAL",GBP,UNITED KINGDOM,2,Pound Sterling,826,Yes,London,EU,.uk,"en-GB,cy-GB,gd",2635167
US,United States of America,US,USA,1,USA,USD,UNITED STATES,2,US Dollar,840,Yes,Washington,NA,.us,"en-US,es-US,haw,fr",6252001
Uganda,Uganda,UG,UGA,256,UGA,UGX,UGANDA,0,Uganda Shilling,800,Yes,Kampala,AF,.ug,"en-UG,lg,sw,ar",226074
Ukraine,Ukraine,UA,UKR,380,UKR,UAH,UKRAINE,2,Hryvnia,980,Yes,Kiev,EU,.ua,"uk,ru-UA,rom,pl,hu",690791
United Arab Emirates,United Arab Emirates,AE,ARE,971,UAE,AED,UNITED ARAB EMIRATES,2,UAE Dirham,784,Yes,Abu Dhabi,AS,.ae,"ar-AE,fa,en,hi,ur",290557
Uruguay,Uruguay,UY,URY,598,URU,UYU,URUGUAY,2,Peso Uruguayo,858,Yes,Montevideo,SA,.uy,es-UY,3439705
Uzbekistan,Uzbekistan,UZ,UZB,998,UZB,UZS,UZBEKISTAN,2,Uzbekistan Sum,860,Yes,Tashkent,AS,.uz,"uz,ru,tg",1512440
Vanuatu,Vanuatu,VU,VUT,678,VAN,VUV,VANUATU,0,Vatu,548,Yes,Port Vila,OC,.vu,"bi,en-VU,fr-VU",2134431
Vatican City,Holy See,VA,VAT,39-06,VAT,EUR,HOLY SEE (VATICAN CITY STATE),2,Euro,978,Yes,Vatican City,EU,.va,"la,it,fr",3164670
Venezuela,Venezuela (Bolivarian Republic of),VE,VEN,58,VEN,VEF,"VENEZUELA, BOLIVARIAN REPUBLIC OF",2,Bolivar,937,Yes,Caracas,SA,.ve,es-VE,3625428
Vietnam,Viet Nam,VN,VNM,84,VIE,VND,VIET NAM,0,Dong,704,Yes,Hanoi,AS,.vn,"vi,en,fr,zh,km",1562822
Wallis & Futuna,Wallis and Futuna Islands,WF,WLF,681,WLF,XPF,WALLIS AND FUTUNA,0,CFP Franc,953,Territory of FR,Mata Utu,OC,.wf,"wls,fud,fr-WF",4034749
Western Sahara,Western Sahara,EH,ESH,212,SAH,MAD,WESTERN SAHARA,2,Moroccan Dirham,504,In contention,El-Aaiun,AF,.eh,"ar,mey",2461445
Yemen,Yemen,YE,YEM,967,YEM,YER,YEMEN,2,Yemeni Rial,886,Yes,Sanaa,AS,.ye,ar-YE,69543
Zambia,Zambia,ZM,ZMB,260,ZAM,ZMW,ZAMBIA,2,Zambian Kwacha,967,Yes,Lusaka,AF,.zm,"en-ZM,bem,loz,lun,lue,ny,toi",895949
Zimbabwe,Zimbabwe,ZW,ZWE,263,ZIM,ZWL,ZIMBABWE,2,Zimbabwe Dollar,932,Yes,Harare,AF,.zw,"en-ZW,sn,nr,nd",878675
Ãland Islands,Ãland Islands,AX,ALA,358,ALD,EUR,ÃLAND ISLANDS,2,Euro,978,Part of FI,Mariehamn,EU,.ax,sv-AX,661882
